{
  "peliculas": [
    {
      "pelicula": "AQULLAS JUERGAS UNIVERSITARIAS",
      "tituloOriginal": "Old chool",
      "paisOrigen": "EE.UU",
      "estreno": "2003",
      "duracion": 93,
      "director": "Todd Phillips",
      "interpretes": [
        {
          "nombre": "Will Ferrel"
        },
        {
          "nombre": "Luke Wilson"
        },
        {
          "nombre": "Vince Vaughn"
        },
        {
          "nombre": "Jeremy Piven"
        },
        {
          "nombre": "Juliette Lewis"
        },
        {
          "nombre": "Sean WilliamScott"
        }
      ],
      "descripcion": "Mitch, Frank y Beanie son tres amigos treintañeros cuyas vidas no son exactamente lo que esperaban. Mitch tiene una novia ninfómana que se mete en la cama con el primero que agarra. Frank se ha casado y su matrimonio nada tiene que ver con las juergas salvajes que organizaban años atrás. Y Beanie es un padre de familia que se muere por recuperar su alocada juventud. Pero las cosas cambian cuando Beanie sugiere que creen su propia fraternidad, en la nueva casa que Mitch tiene junto al campus de la universidad. Una ocasión para revivir tiempos gloriosos, hacer nuevos amigos y de volver a sus viejas, salvajes y desmadradas juergas de estudiantes.",
      "web": "http://www.oldschool-themovie.com/",
      "categoria": "Comedia",
      "clasificacion": 16
    }
  ]
}
