{
  "menu": [
    {
      "nombre": "Gofres Belgas",
      "precio": 5.95,
      "descripcion": "Dos de nuestros famosos Gofres belgas con abundante sirope",
      "calorias": 650
    },
    {
      "nombre": "Gofres Belgas con fresa",
      "precio": 7.95,
      "descripcion": "Ligeros gofres belgas cubiertos de fresas y nata montada",
      "calorias": 900
    },
    {
      "nombre": "Gofres Belgas con frutas del bosque",
      "precio": 8.95,
      "descripcion": "Ligeros gofres belgas cubiertos con frutas del bosque y nata montada",
      "calorias": 900
    },
    {
      "nombre": "Tostada Francesa",
      "precio": 4.5,
      "descripcion": "Dos gruesas rebanadas de nuestro pan francés casero",
      "calorias": 600
    },
    {
      "nombre": "Desayuno de la casa",
      "precio": 6.95,
      "descripcion": "Dos huevos, bacon o salchicha, tostada y patatas fritas",
      "calorias": 650
    }
  ]
}
